title,company,location,link
Python Developer Intern,OXO Solutions,"Ruby, SC",https://www.indeed.com/viewjob?jk=84a541c104b5b24c
Mid-Level Python Developer,HEXACT,Remote,https://www.indeed.com/viewjob?jk=b38c72a0024ad418
Software Developer – Entry Level,Grant Street Group,Remote,https://www.indeed.com/viewjob?jk=3b10e853d89531fa
Python Developer,Cresttek LLC,"Troy, MI 48084",https://www.indeed.com/viewjob?jk=b7195effd54560bf
Python Developer- LTE/4G/5G,Harman International,"Reston, VA",https://www.indeed.com/viewjob?jk=adaa381de916b692
Python Developer,Snap IT Solutions,"Houston, TX 77099 (Alief area)",https://www.indeed.com/viewjob?jk=0e10fe734c597c75
Python Developer,Haven Life,"New York, NY",https://www.indeed.com/viewjob?jk=76e3d487f1732642
Python Developer,Spire Digital,"Denver, CO 80203 (Capitol Hill area)",https://www.indeed.com/viewjob?jk=6f1c7fcc5a94a198
Customer Support Representative,CodeCombat,Remote,https://www.indeed.com/viewjob?jk=1534083f45439429
Python Developer,Decision Research Corporation,"Philadelphia, PA",https://www.indeed.com/viewjob?jk=c060b192d71da3d9
Python Developer Trainee,Cndro,"Houston, TX",https://www.indeed.com/viewjob?jk=0cf2026f52be6bc9
"NBC News Digital Technology Internships – Summer 2021, Remote",NBCUniversal,"List, CA",https://www.indeed.com/viewjob?jk=802742b6d7d0e749
39878,Zachary Piper Solutions LLC,Remote,https://www.indeed.com/viewjob?jk=9dfd34b97abe766a
Data Analyst Intern (Summer 2021),Panasonic Corporation of North America,"Denver, CO 80249 (DIA area)",https://www.indeed.com/viewjob?jk=882450bf3eb30b50
Data Analyst (Remote),SnackNation,Remote,https://www.indeed.com/viewjob?jk=d011df0dac2f8144
"Launch Internship, Summer 2021 - Location Flexible",Dropbox,California,https://www.indeed.com/viewjob?jk=c95324f57292851a
Entry Level Business Analyst (2+Years Exp),Agama Solutions,Remote,https://www.indeed.com/viewjob?jk=e6e644c9c83e253c
Python Developer,Phrasee,Remote,https://www.indeed.com/viewjob?jk=085a511b377e3ecb
Software Engineer Intern (Summer 2021),"Alteryx, Inc.","Boston, MA",https://www.indeed.com/viewjob?jk=8db811c3b29ad04b
Python Developer,PerchHQ,Remote,https://www.indeed.com/viewjob?jk=38181a8ebe650bbc
Analyst,Gap Inc.,"San Francisco, CA 94105 (Financial District area)",https://www.indeed.com/viewjob?jk=2b1f538b2fdbc2f7
Junior Data Scientist (Portland or NY based),Mars,"New York, NY",https://www.indeed.com/viewjob?jk=568acbc8cec72a11
Quantitative Trader - Entry Level,Avatar Securities,"Chicago, IL",https://www.indeed.com/viewjob?jk=d01efa8dad29efdc
Python/Django Developer,WikiRealty,"Santa Monica, CA",https://www.indeed.com/viewjob?jk=8170f030fcc61d97
Python Developer,Domino's,"Ann Arbor, MI 48106",https://www.indeed.com/viewjob?jk=5c7a0df57ef6523f
Python Developer,Callsign Media,"Las Vegas, NV 89128 (Desert Shores area)",https://www.indeed.com/viewjob?jk=345e22ca6e583be5
Python Infrastructure Developer-NAS/File Storage,"JPMorgan Chase Bank, N.A.","Lewisville, TX",https://www.indeed.com/viewjob?jk=a78434e3662e5499
Full-Stack Python Developer,stackbuilders,"New York, NY 10016 (Flatiron District area)",https://www.indeed.com/viewjob?jk=b4490fe245a1d8ed
Quantitative Equities - Programmer/Quantitative Researcher (LAM),Lazard Ltd.,"Boston, MA",https://www.indeed.com/viewjob?jk=fdec1742940ff44d
Penetration Testing Trainee (Remote USA),BreachLock,"Florida, NY",https://www.indeed.com/viewjob?jk=487b30db63184515
Data Analyst (US - Remote),DISQO,Remote,https://www.indeed.com/viewjob?jk=b08a5a646fd39e66
Quantitative Research Associate,Cato Institute,Remote,https://www.indeed.com/viewjob?jk=cc7f5416b9009a45
ETL Developer (SAS/Python),IT Data Solutions,Remote,https://www.indeed.com/viewjob?jk=1abc52d8890c72ea
CCB - Quantitative Modeling/Data Science - Associate,"JPMorgan Chase Bank, N.A.","Columbus, OH",https://www.indeed.com/viewjob?jk=3de2d1b670ef6e47
Software Engineer,The Walt Disney Studios,"Glendale, CA",https://www.indeed.com/viewjob?jk=7edec85bfd9c333c
Developer - Python Django,Energy Sense Finance,"Tampa, FL",https://www.indeed.com/viewjob?jk=213f60ab30d8eece
Web Programmer,UC San Diego,"San Diego, CA",https://www.indeed.com/viewjob?jk=99ba5bdbae5c74ef
Entry Level/Junior Software Engineer,BAE Systems,"San Diego, CA 92127 (Rancho Bernardo area)",https://www.indeed.com/viewjob?jk=7b3e8ec0681edf57
QA Manual Tester-Remote,Agama Solutions,California,https://www.indeed.com/viewjob?jk=d7e6b9db8d900528
Python Pandas- Tester,TCS,"Pitsburg, OH",https://www.indeed.com/viewjob?jk=35ee05130e262c7d
Senior Level Python Developer,Naka Technologies,"New York, NY",https://www.indeed.com/viewjob?jk=bfa41cad10426505
"Coordinator, Sport Performance",USA Baseball,"Cary, NC 27519",https://www.indeed.com/viewjob?jk=76b655680e4ea611
Python Developer,Q2ebanking,"Austin, TX",https://www.indeed.com/viewjob?jk=852491e0987c9053
Python Developer,Highbrow-Tech,"Bellevue, WA",https://www.indeed.com/viewjob?jk=70912d7ae92ee088
PYTHON DEVELOPER,Pythonwise,"Seattle, WA",https://www.indeed.com/viewjob?jk=1a20a1c56fb7df73
Software Engineers & Web Developers,1DocWay,"New York, NY",https://www.indeed.com/viewjob?jk=597b9830f39b5420
Senior Full Stack Developer ( Python ),"FireEye, Inc.","Reston, VA",https://www.indeed.com/viewjob?jk=e454706a8b47515c
"Python Developer | Richmond, VA (Remote until 2021)",iknowvate technologies,"Richmond, VA",https://www.indeed.com/viewjob?jk=5a9a0ac14d0aaba7
Python Developer,Ramsey Solutions,"Franklin, TN",https://www.indeed.com/viewjob?jk=6fc2a70782801759
"Entry-Level Data Positions (Data Engineer, Machine Learning & Visualization)",Citi,"Jacksonville, FL",https://www.indeed.com/viewjob?jk=d2e8a5eaac52a039
Students - Equity Trading Desk Internship Summer 2019,SMB Capital,"New York, NY",https://www.indeed.com/viewjob?jk=7649cd45d0afd8f0
Data Scientist - Analytics,Acorn Analytics,Remote,https://www.indeed.com/viewjob?jk=3d5724ad39c214bb
WAE - Web Developer,Louisiana State University,"Baton Rouge, LA 70808 (LSU area)",https://www.indeed.com/viewjob?jk=c7ffe0127a9c9c3a
Data Analyst - All Levels,FedEx Services,"Lakeland, FL",https://www.indeed.com/viewjob?jk=8f787e4d246cf6de
Python Developer,DataLab USA,"Germantown, MD 20876",https://www.indeed.com/viewjob?jk=baa9cc8276420a76
Software Analyst Apprentice,Apprenti,"Milwaukee, WI",https://www.indeed.com/viewjob?jk=732e2ad1110d84ae
PYTHON SOFTWARE ENGINEER-DEEP LEARNING,InspiHER Tech,United States,https://www.indeed.com/viewjob?jk=3dd6c509667887e7
Senior Python Developer,Ebury Partners,Remote,https://www.indeed.com/viewjob?jk=249fd45368894066
Entry Level - Software Developer,Smoothstack Inc,"Fairfax, VA",https://www.indeed.com/viewjob?jk=e49f6527e777a4a3
Campus Recruitment - 2021 Technology Software Engineer Full Time,American Express,United States,https://www.indeed.com/viewjob?jk=1329e66959638b24
Data Scientist,Perceptive Automata,"Boston, MA",https://www.indeed.com/viewjob?jk=be10d00e081815b1
Actuarial Associate (Annuities),Prudential,"Newark, NJ 07102 (Central Business District area)",https://www.indeed.com/viewjob?jk=1439f041be559daf
Full Time Opportunities for Students & Recent Graduates - MAIDAP Data Scientist,Microsoft,"Cambridge, MA",https://www.indeed.com/viewjob?jk=bd2d32a1e6455d95
Data Technician (Full- or Part-Time),Thasos Group,"New York, NY",https://www.indeed.com/viewjob?jk=da727c0cddda240e
Consulting Professors,Saylor Academy,Remote,https://www.indeed.com/viewjob?jk=edb0eb6a7ba31772
Python Workflows Developer,ASRC Federal Holding Company,"Chicago, IL 60604 (Loop area)",https://www.indeed.com/viewjob?jk=962cf3400d9c2abd
Python/Big Data Developer,TCS,"New York, NY",https://www.indeed.com/viewjob?jk=4d497af9454ad27f
Mid-Level Developer,Fulcrum Analytics,"New York, NY",https://www.indeed.com/viewjob?jk=49e2a9ba048256fb
Senior Python Developer,Eastbanc Technologies,"Washington, DC 20007 (Georgetown area)",https://www.indeed.com/viewjob?jk=403e2a3f39b99663
Python developer,VAUXOO,"Colima, GA",https://www.indeed.com/viewjob?jk=f7669fcbd77ecd11
Python Developer (Remote),"Lucidus Solutions, LLC",Remote,https://www.indeed.com/viewjob?jk=dcae4e5adb3b7330
Early career data scientist / analyst / statistical geneticist,Data Tecnica,"Glen Echo, MD",https://www.indeed.com/viewjob?jk=b6506065408f4f15
PYTHON AUTOMATION TESTING,SpanIdea,"Milpitas, CA",https://www.indeed.com/viewjob?jk=06a12c53ed5463db
Python/SQL Developer,IDM People,"Township of Hamilton, NJ 08619",https://www.indeed.com/viewjob?jk=967a405ee33c49d4
Quantitative Analyst,Morningstar,"Chicago, IL",https://www.indeed.com/viewjob?jk=eddb03cddf579b13
Entry Level Cognitive Developer: 2021,IBM,United States,https://www.indeed.com/viewjob?jk=44e6fd590062830f
"MACHINE LEARNING ENGINEER - PYTHON, TENSORFLOW",InspiHER Tech,United States,https://www.indeed.com/viewjob?jk=a754b1fae51c41d2
Python Developers,Kynite,"Fargo, ND",https://www.indeed.com/viewjob?jk=224481bea6e336bf
Data Python Developer,London Stock Exchange Group,"New York, NY",https://www.indeed.com/viewjob?jk=31661855134fd73a
Python Developer,ABS GLOBAL,"DeForest, WI 53532",https://www.indeed.com/viewjob?jk=42c467e36bf3bd9d
"Data Scientist, Growth",Square,"Oakland, CA 94612 (Downtown area)",https://www.indeed.com/viewjob?jk=c0261a0a17b1d210
Performance Analyst,Milwaukee Bucks,"Milwaukee, WI 53212 (Schlitz Park area)",https://www.indeed.com/viewjob?jk=c14ba5bd37317590
PYTHON DEVELOPER – DJANGO/FLASK,SpanIdea,"Milpitas, CA",https://www.indeed.com/viewjob?jk=fc324a2ebed84b82
2021 Business Analyst Full Time positions,Amazon.com Services LLC,"Seattle, WA",https://www.indeed.com/viewjob?jk=310aa98fd3be5f16
Senior Python Developer,Deloitte,"Lake Mary, FL",https://www.indeed.com/viewjob?jk=ae2d135139623c5e
Junior Developer,"Horizon Media, Inc.","New York, NY",https://www.indeed.com/viewjob?jk=28ad92ab5c100848
Financial Modelling Associate (Liquidity Research) - NY,BlackRock,"New York, NY",https://www.indeed.com/viewjob?jk=a7c31feb5171716b
Python Developer,ICF,"Washington, DC 20006 (Downtown area)",https://www.indeed.com/viewjob?jk=e58811d87fea6163
Senior Python Developer,Extreme Engineering Solutions,"Verona, WI 53593",https://www.indeed.com/viewjob?jk=daf07c3b8f869f77
"Quantitative Developer, Python",GuardX Inc,"New York, NY",https://www.indeed.com/viewjob?jk=b905499367112b35
Python Developer,Crunch.io,United States,https://www.indeed.com/viewjob?jk=b616c7551b5d0f3c
Associate Quantitative Researcher,Man Group,"Boston, MA 02116 (Back Bay area)",https://www.indeed.com/viewjob?jk=640f5328fcecd99e
Python Developer,Intellilink Technologies,"Princeton, NJ",https://www.indeed.com/viewjob?jk=accd4b9e2652cb0a
Data Analyst,Hopper,Remote,https://www.indeed.com/viewjob?jk=48df7d546cd46fec
Software Developer (Python),"Yashco Systems, Inc.","Hilliard, OH 43026",https://www.indeed.com/viewjob?jk=8f5037f31fe9b760
Python Developers,Synechron,"Delaware, NJ",https://www.indeed.com/viewjob?jk=b5eda0518f48ff4e
Junior Software Engineer,Caring.com,"Charlotte, NC",https://www.indeed.com/viewjob?jk=91466acc7bd03690
Senior Python Developer,OMBU,"Portland, OR 97214 (Buckman area)",https://www.indeed.com/viewjob?jk=d13b06d1113de40c
Python-Developers,Celandyne Software Solutions,"Santa Clara, CA 95050",https://www.indeed.com/viewjob?jk=e004e922fdd74fe6
Geochemist,Golder Associates,"Lakewood, CO",https://www.indeed.com/viewjob?jk=9284a4c911abdeb6
